country,continent
Afghanistan,Asia
Albania,Europe
Algeria,Africa
Andorra,Europe
Angola,Africa
Anguilla,North America
Antigua and Barbuda,North America
Argentina,South America
Armenia,Asia
Aruba,North America
Australia,Oceania
Austria,Europe
Azerbaijan,Asia
Bahamas,North America
Bahrain,Asia
Bangladesh,Asia
Barbados,North America
Belarus,Europe
Belgium,Europe
Belize,North America
Benin,Africa
Bermuda,North America
Bhutan,Asia
Bolivia (Plurinational State of),South America
Bosnia and Herzegovina,Europe
Botswana,Africa
Brazil,South America
Brunei Darussalam,Asia
Bulgaria,Europe
Burkina Faso,Africa
Cambodia,Asia
Cameroon,Africa
Canada,North America
Cabo Verde,Africa
Cayman Islands,North America
Central African Republic,Africa
Chad,Africa
Chile,South America
China,Asia
Colombia,South America
Comoros,Africa
Cook Islands,Oceania
Costa Rica,North America
Croatia,Europe
Cuba,North America
Cura√ßao,North America
Cyprus,Europe
Denmark,Europe
Djibouti,Africa
Dominica,North America
Dominican Republic,North America
Ecuador,South America
Egypt,Africa
El Salvador,North America
Equatorial Guinea,Africa
Estonia,Europe
Ethiopia,Africa
Falkland Islands (Malvinas),South America
Fiji,Oceania
Finland,Europe
France,Europe
French Polynesia,Oceania
Gabon,Africa
Gambia,Africa
Georgia,Europe
Germany,Europe
Ghana,Africa
Gibraltar,Europe
Greece,Europe
Greenland,North America
Grenada,North America
Guatemala,North America
Guinea,Africa
Guinea-Bissau,Africa
Guyana,South America
Haiti,North America
Honduras,North America
Hungary,Europe
Iceland,Europe
India,Asia
Indonesia,Asia
Iran (Islamic Republic of),Asia
Iraq,Asia
Ireland,Europe
Isle of Man,Europe
Israel,Asia
Italy,Europe
Jamaica,North America
Japan,Asia
Jordan,Asia
Kazakhstan,Asia
Kenya,Africa
Kiribati,Oceania
Kuwait,Asia
Kyrgyzstan,Asia
Lao People's Democratic Republic,Asia
Latvia,Europe
Lebanon,Asia
Lesotho,Africa
Liberia,Africa
Libya,Africa
Liechtenstein,Europe
Lithuania,Europe
Luxembourg,Europe
Madagascar,Africa
Malawi,Africa
Malaysia,Asia
Maldives,Asia
Mali,Africa
Malta,Europe
Mauritania,Africa
Mauritius,Africa
Mexico,North America
Republic of Moldova,Europe
Monaco,Europe
Mongolia,Asia
Montenegro,Europe
Montserrat,North America
Morocco,Africa
Mozambique,Africa
Myanmar,Asia
Namibia,Africa
Nauru,Oceania
Nepal,Asia
Netherlands,Europe
New Caledonia,Oceania
New Zealand,Oceania
Nicaragua,North America
Niger,Africa
Nigeria,Africa
Niue,Oceania
North Macedonia,Europe
Norway,Europe
Oman,Asia
Pakistan,Asia
"occupied Palestinian territory, including east Jerusalem",Asia
Panama,North America
Papua New Guinea,Oceania
Paraguay,South America
Peru,South America
Philippines,Asia
Poland,Europe
Portugal,Europe
Qatar,Asia
Romania,Europe
Russian Federation,Europe
Rwanda,Africa
Saint Kitts and Nevis,North America
Saint Lucia,North America
Saint Vincent and the Grenadines,North America
Samoa,Oceania
San Marino,Europe
Sao Tome and Principe,Africa
Saudi Arabia,Asia
Senegal,Africa
Serbia,Europe
Seychelles,Africa
Sierra Leone,Africa
Singapore,Asia
Slovakia,Europe
Slovenia,Europe
Solomon Islands,Oceania
Somalia,Africa
South Africa,Africa
Republic of Korea,Asia
South Sudan,Africa
Spain,Europe
Sri Lanka,Asia
Sudan,Africa
Suriname,South America
Sweden,Europe
Switzerland,Europe
Syrian Arab Republic,Asia
Tajikistan,Asia
United Republic of Tanzania,Africa
Thailand,Asia
Togo,Africa
Tokelau,Oceania
Tonga,Oceania
Trinidad and Tobago,North America
Tunisia,Africa
Turkey,Europe
Turkmenistan,Asia
Turks and Caicos Islands,North America
Tuvalu,Oceania
Uganda,Africa
Ukraine,Europe
United Arab Emirates,Asia
The United Kingdom,Europe
United States of America,North America
Uruguay,South America
Uzbekistan,Asia
Vanuatu,Oceania
Venezuela (Bolivarian Republic of),South America
Viet Nam,Asia
Wallis and Futuna,Oceania
Yemen,Asia
Zambia,Africa
Zimbabwe,Africa
